{
    "rmse": 0.6594947647743032,
    "mae": 0.5178143687002018,
    "R2": 0.28789923496424463
}